<?xml version="1.0" encoding="UTF-8"?>
<project-private xmlns="http://www.netbeans.org/ns/project-private/1">
    <editor-bookmarks xmlns="http://www.netbeans.org/ns/editor-bookmarks/2" lastBookmarkId="0"/>
    <open-files xmlns="http://www.netbeans.org/ns/projectui-open-files/2">
        <group>
            <file>file:/C:/Users/Kashem/Documents/NetBeansProjects/OnlineDoctorAppointmentBook/src/java/com/patient/ButtonView1.java</file>
            <file>file:/C:/Users/Kashem/Documents/NetBeansProjects/OnlineDoctorAppointmentBook/web/feedback.xhtml</file>
            <file>file:/C:/Users/Kashem/Documents/NetBeansProjects/OnlineDoctorAppointmentBook/web/index.xhtml</file>
            <file>file:/C:/Users/Kashem/Documents/NetBeansProjects/OnlineDoctorAppointmentBook/web/menu.xhtml</file>
            <file>file:/C:/Users/Kashem/Documents/NetBeansProjects/OnlineDoctorAppointmentBook/web/commandButton.xhtml</file>
            <file>file:/C:/Users/Kashem/Documents/NetBeansProjects/OnlineDoctorAppointmentBook/src/java/com/category/ButtonView.java</file>
            <file>file:/C:/Users/Kashem/Documents/NetBeansProjects/OnlineDoctorAppointmentBook/web/bookAppointment.xhtml</file>
            <file>file:/C:/Users/Kashem/Documents/NetBeansProjects/OnlineDoctorAppointmentBook/web/button.xhtml</file>
            <file>file:/C:/Users/Kashem/Documents/NetBeansProjects/OnlineDoctorAppointmentBook/web/LoginForm.xhtml</file>
            <file>file:/C:/Users/Kashem/Documents/NetBeansProjects/OnlineDoctorAppointmentBook/web/booking.xhtml</file>
            <file>file:/C:/Users/Kashem/Documents/NetBeansProjects/OnlineDoctorAppointmentBook/web/myDetails.xhtml</file>
        </group>
    </open-files>
</project-private>
